{
  "type": "FeatureCollection",
  "features": [
    {
      "type": "Feature",
      "geometry": {
        "type": "Polygon",
        "coordinates": [
          [
            [
              -95.605624323,
              41.739918796
            ],
            [
              -95.605662021,
              41.743539668
            ],
            [
              -95.605699722,
              41.747160535
            ],
            [
              -95.600937713,
              41.747140077
            ],
            [
              -95.596175708,
              41.747119423
            ],
            [
              -95.596107971,
              41.743500003
            ],
            [
              -95.600884994,
              41.743519934
            ],
            [
              -95.60083228,
              41.739899787
            ],
            [
              -95.600842562,
              41.736272378
            ],
            [
              -95.605659954,
              41.736283643
            ],
            [
              -95.605624323,
              41.739918796
            ]
          ]
        ]
      },
      "properties": {
        "farm": "Adamson Farm",
        "location": "",
        "county": "Harrison",
        "owner": "Heistand Farm 150, LLC",
        "ownerEntity": "Heistand Farm 150, LLC",
        "taxAcres": 158,
        "fsaAcres": 157.43,
        "dbAcres": 158.2,
        "parcelCount": 4,
        "parcelsInSource": 4,
        "matchExact": 4,
        "matchSpatial": 0,
        "matchMissing": 0,
        "deedHolders": [
          "Heistand Amended and Restated Revoc Trst  Todd R"
        ],
        "matchedDeedHolder": "Heistand Amended and Restated Revoc Trst  Todd R",
        "secTwpRng": [
          "15-80-41"
        ],
        "confidence": "high",
        "grade": "full",
        "csr": 44,
        "rentPerAcre": 203.28,
        "tenant": "Matt Heistand",
        "closingDate": "",
        "salePrice": null
      }
    },
    {
      "type": "Feature",
      "geometry": {
        "type": "Polygon",
        "coordinates": [
          [
            [
              -95.692583875,
              41.801750044
            ],
            [
              -95.692505958,
              41.80535183
            ],
            [
              -95.68763163,
              41.805389387
            ],
            [
              -95.682757298,
              41.805426739
            ],
            [
              -95.682800887,
              41.804011682
            ],
            [
              -95.682870775,
              41.801811633
            ],
            [
              -95.682868901,
              41.801358224
            ],
            [
              -95.682866793,
              41.800847726
            ],
            [
              -95.682853662,
              41.798183299
            ],
            [
              -95.687719516,
              41.798167108
            ],
            [
              -95.692585367,
              41.798150714
            ],
            [
              -95.692583875,
              41.801750044
            ]
          ]
        ]
      },
      "properties": {
        "farm": "Argotsinger Farm",
        "location": "",
        "county": "Harrison",
        "owner": "Heistnad Farm 150, LLC",
        "ownerEntity": "Heistand Farm 150, LLC",
        "taxAcres": 153.6,
        "fsaAcres": 106,
        "dbAcres": 160.2,
        "parcelCount": 4,
        "parcelsInSource": 4,
        "matchExact": 3,
        "matchSpatial": 1,
        "matchMissing": 0,
        "deedHolders": [
          "Argotsinger Acres  LLC"
        ],
        "matchedDeedHolder": "Argotsinger Acres  LLC",
        "secTwpRng": [
          "25-81-42"
        ],
        "confidence": "high",
        "grade": "full",
        "csr": 62.9,
        "rentPerAcre": 290.6,
        "tenant": "Matt Heistand",
        "closingDate": "X",
        "salePrice": 1625000
      }
    },
    {
      "type": "Feature",
      "geometry": {
        "type": "Polygon",
        "coordinates": [
          [
            [
              -95.726191441,
              41.851363299
            ],
            [
              -95.726234672,
              41.851307306
            ],
            [
              -95.726283683,
              41.85125402
            ],
            [
              -95.726338169,
              41.851203771
            ],
            [
              -95.726397794,
              41.851156871
            ],
            [
              -95.726462188,
              41.851113611
            ],
            [
              -95.726530951,
              41.851074258
            ],
            [
              -95.726603658,
              41.851039057
            ],
            [
              -95.726679857,
              41.851008225
            ],
            [
              -95.726759076,
              41.850981955
            ],
            [
              -95.726840824,
              41.850960408
            ],
            [
              -95.726924595,
              41.850943719
            ],
            [
              -95.727009869,
              41.850931991
            ],
            [
              -95.727096117,
              41.850925297
            ],
            [
              -95.727182805,
              41.850923677
            ],
            [
              -95.727740699,
              41.850930072
            ],
            [
              -95.727820988,
              41.850928304
            ],
            [
              -95.727900762,
              41.850921314
            ],
            [
              -95.72797941,
              41.850909157
            ],
            [
              -95.728056331,
              41.850891925
            ],
            [
              -95.728130935,
              41.850869751
            ],
            [
              -95.728202652,
              41.850842804
            ],
            [
              -95.728270931,
              41.850811291
            ],
            [
              -95.728335252,
              41.850775452
            ],
            [
              -95.72839512,
              41.850735562
            ],
            [
              -95.728450078,
              41.850691928
            ],
            [
              -95.728499704,
              41.850644881
            ],
            [
              -95.72854362,
              41.850594783
            ],
            [
              -95.72858149,
              41.850542017
            ],
            [
              -95.728613022,
              41.850486988
            ],
            [
              -95.728637975,
              41.850430116
            ],
            [
              -95.72880282,
              41.84999257
            ],
            [
              -95.729091465,
              41.849190831
            ],
            [
              -95.731165849,
              41.849198948
            ],
            [
              -95.735966483,
              41.849259765
            ],
            [
              -95.735875793,
              41.852879284
            ],
            [
              -95.740805763,
              41.852938373
            ],
            [
              -95.740766664,
              41.856463502
            ],
            [
              -95.735897932,
              41.856424082
            ],
            [
              -95.734187403,
              41.856410185
            ],
            [
              -95.734068188,
              41.856409215
            ],
            [
              -95.731029206,
              41.856384459
            ],
            [
              -95.726099127,
              41.856291029
            ],
            [
              -95.72609767,
              41.852919429
            ],
            [
              -95.727027819,
              41.852869878
            ],
            [
              -95.727020325,
              41.852807037
            ],
            [
              -95.726933251,
              41.852076829
            ],
            [
              -95.726588543,
              41.851706916
            ],
            [
              -95.7261188,
              41.851715907
            ],
            [
              -95.726123354,
              41.851482003
            ],
            [
              -95.726154259,
              41.851421652
            ],
            [
              -95.726191441,
              41.851363299
            ]
          ]
        ]
      },
      "properties": {
        "farm": "Austin Farm (Brummer Trust)",
        "location": "North of Woodbine",
        "county": "Harrison",
        "owner": "Heistand Farm 150, LLC",
        "ownerEntity": "Heistand Farm 150, LLC",
        "taxAcres": 176.62,
        "fsaAcres": 156.89,
        "dbAcres": 186.5,
        "parcelCount": 5,
        "parcelsInSource": 5,
        "matchExact": 4,
        "matchSpatial": 1,
        "matchMissing": 0,
        "deedHolders": [
          "Brummer Living Trust  Robert B"
        ],
        "matchedDeedHolder": "Brummer Living Trust  Robert B",
        "secTwpRng": [
          "3-81-42",
          "4-81-42"
        ],
        "confidence": "medium",
        "grade": "partial",
        "csr": 69.6,
        "rentPerAcre": 321.55,
        "tenant": "Nick Behrendt",
        "closingDate": "X",
        "salePrice": 1686721
      }
    },
    {
      "type": "Feature",
      "geometry": {
        "type": "MultiPolygon",
        "coordinates": [
          [
            [
              [
                -95.750480118,
                41.845691486
              ],
              [
                -95.750475491,
                41.849321138
              ],
              [
                -95.755251437,
                41.849324019
              ],
              [
                -95.755246224,
                41.852951535
              ],
              [
                -95.755124161,
                41.856534125
              ],
              [
                -95.750386386,
                41.856536415
              ],
              [
                -95.750341159,
                41.860158559
              ],
              [
                -95.747958391,
                41.860140409
              ],
              [
                -95.745575625,
                41.860122211
              ],
              [
                -95.740809639,
                41.860085662
              ],
              [
                -95.740766664,
                41.856463502
              ],
              [
                -95.745454293,
                41.856514469
              ],
              [
                -95.745410675,
                41.852935372
              ],
              [
                -95.745438313,
                41.849319642
              ],
              [
                -95.740845933,
                41.849316185
              ],
              [
                -95.740804575,
                41.845668686
              ],
              [
                -95.740763221,
                41.842021182
              ],
              [
                -95.745623981,
                41.842041607
              ],
              [
                -95.74564008,
                41.845649938
              ],
              [
                -95.750480118,
                41.845691486
              ]
            ]
          ],
          [
            [
              [
                -95.779416431,
                41.863268224
              ],
              [
                -95.77459768,
                41.863269485
              ],
              [
                -95.769751951,
                41.863270552
              ],
              [
                -95.769726121,
                41.860145706
              ],
              [
                -95.769696183,
                41.856523472
              ],
              [
                -95.774539768,
                41.856429275
              ],
              [
                -95.77933065,
                41.856335903
              ],
              [
                -95.7793492,
                41.858920425
              ],
              [
                -95.779356646,
                41.859957779
              ],
              [
                -95.779416431,
                41.863268224
              ]
            ]
          ]
        ]
      },
      "properties": {
        "farm": "Bolten 500 East",
        "location": "North of Ben Anderson",
        "county": "Harrison",
        "owner": "Heistand Farm 150, LLC",
        "ownerEntity": "Heistand Farm 150, LLC",
        "taxAcres": 508.42,
        "fsaAcres": 282.64,
        "dbAcres": 510.5,
        "parcelCount": 14,
        "parcelsInSource": 14,
        "matchExact": 14,
        "matchSpatial": 0,
        "matchMissing": 0,
        "deedHolders": [
          "Patricia AO Farms  LLC",
          "Kelly Trust  Patricia"
        ],
        "matchedDeedHolder": "Patricia AO Farms  LLC, Kelly Trust  Patricia",
        "secTwpRng": [
          "4-81-42",
          "6-81-42",
          "5-81-42",
          "9-81-42"
        ],
        "confidence": "high",
        "grade": "full",
        "csr": 62.9,
        "rentPerAcre": 290.6,
        "tenant": "Tom Heistand and Cory Heistand",
        "closingDate": "",
        "salePrice": 4067360
      }
    },
    {
      "type": "Feature",
      "geometry": {
        "type": "MultiPolygon",
        "coordinates": [
          [
            [
              [
                -95.72049544,
                41.727086384
              ],
              [
                -95.721013933,
                41.727292916
              ],
              [
                -95.721209164,
                41.727437738
              ],
              [
                -95.72115939,
                41.727623385
              ],
              [
                -95.721224144,
                41.727894609
              ],
              [
                -95.721425868,
                41.728247845
              ],
              [
                -95.72150786,
                41.728534147
              ],
              [
                -95.721807839,
                41.728699202
              ],
              [
                -95.722105436,
                41.729250616
              ],
              [
                -95.722033768,
                41.732849313
              ],
              [
                -95.72203322,
                41.736499754
              ],
              [
                -95.722032675,
                41.740150192
              ],
              [
                -95.726098782,
                41.740229457
              ],
              [
                -95.726198125,
                41.740957649
              ],
              [
                -95.726870015,
                41.742058418
              ],
              [
                -95.726870106,
                41.743843113
              ],
              [
                -95.726876813,
                41.747459634
              ],
              [
                -95.7220381,
                41.747379515
              ],
              [
                -95.722037327,
                41.746003891
              ],
              [
                -95.722036755,
                41.74498656
              ],
              [
                -95.722036042,
                41.743716653
              ],
              [
                -95.719912584,
                41.743701243
              ],
              [
                -95.719911965,
                41.743021996
              ],
              [
                -95.718788287,
                41.743013825
              ],
              [
                -95.718771521,
                41.742984685
              ],
              [
                -95.71809856,
                41.742612572
              ],
              [
                -95.718081929,
                41.742603376
              ],
              [
                -95.717975431,
                41.742530926
              ],
              [
                -95.717703928,
                41.742346226
              ],
              [
                -95.717432427,
                41.742161525
              ],
              [
                -95.717239233,
                41.742030093
              ],
              [
                -95.717235416,
                41.741903142
              ],
              [
                -95.717231499,
                41.741715641
              ],
              [
                -95.717228022,
                41.741549078
              ],
              [
                -95.718119837,
                41.741574644
              ],
              [
                -95.718105328,
                41.741001922
              ],
              [
                -95.719818812,
                41.74105099
              ],
              [
                -95.719829978,
                41.740087725
              ],
              [
                -95.719842112,
                41.739040908
              ],
              [
                -95.717207806,
                41.738966152
              ],
              [
                -95.71723638,
                41.736444779
              ],
              [
                -95.717144874,
                41.736442533
              ],
              [
                -95.716087493,
                41.73641658
              ],
              [
                -95.71610497,
                41.735093139
              ],
              [
                -95.716108664,
                41.73481336
              ],
              [
                -95.716110548,
                41.734670665
              ],
              [
                -95.71611236,
                41.734533457
              ],
              [
                -95.716115196,
                41.73431866
              ],
              [
                -95.716116055,
                41.734253553
              ],
              [
                -95.716117301,
                41.734159219
              ],
              [
                -95.717264997,
                41.734173029
              ],
              [
                -95.717270929,
                41.733702118
              ],
              [
                -95.718248995,
                41.733716963
              ],
              [
                -95.71826063,
                41.732792124
              ],
              [
                -95.718486242,
                41.732795547
              ],
              [
                -95.718440871,
                41.73381281
              ],
              [
                -95.718953691,
                41.733825547
              ],
              [
                -95.718962446,
                41.73280277
              ],
              [
                -95.719658172,
                41.732813321
              ],
              [
                -95.719719233,
                41.729217514
              ],
              [
                -95.719765231,
                41.726508573
              ],
              [
                -95.719789031,
                41.726520199
              ],
              [
                -95.72049544,
                41.727086384
              ]
            ]
          ],
          [
            [
              [
                -95.726869922,
                41.740243184
              ],
              [
                -95.726098782,
                41.740229457
              ],
              [
                -95.72572458,
                41.739647751
              ],
              [
                -95.724958578,
                41.738539979
              ],
              [
                -95.723108235,
                41.737091499
              ],
              [
                -95.722709293,
                41.736515934
              ],
              [
                -95.723548741,
                41.736536015
              ],
              [
                -95.724540458,
                41.736559731
              ],
              [
                -95.726858887,
                41.736615145
              ],
              [
                -95.726869922,
                41.740243184
              ]
            ]
          ]
        ]
      },
      "properties": {
        "farm": "Harvest Hills/Soukup-Topf Farm",
        "location": "Harvest Hills",
        "county": "Harrison",
        "owner": "Heistand Farm 300, LLC",
        "ownerEntity": "Heistand Farm 300 Limited Liability Co C/O Todd Heistand",
        "taxAcres": 221.17,
        "fsaAcres": 10,
        "dbAcres": 228.2,
        "parcelCount": 9,
        "parcelsInSource": 15,
        "matchExact": 3,
        "matchSpatial": 12,
        "matchMissing": 0,
        "deedHolders": [
          "Topf  Dennis",
          "Barry  Roger L"
        ],
        "matchedDeedHolder": "Topf  Dennis, Barry  Roger L",
        "secTwpRng": [
          "15-80-42",
          "22-80-42"
        ],
        "confidence": "high",
        "grade": "full",
        "csr": 80,
        "rentPerAcre": 369.6,
        "tenant": "Matt Heistand",
        "closingDate": "X",
        "salePrice": 2267700
      }
    },
    {
      "type": "Feature",
      "geometry": {
        "type": "Polygon",
        "coordinates": [
          [
            [
              -95.736094988,
              41.725772714
            ],
            [
              -95.735444286,
              41.727057742
            ],
            [
              -95.734970759,
              41.727538873
            ],
            [
              -95.734643717,
              41.728186641
            ],
            [
              -95.731781858,
              41.728357518
            ],
            [
              -95.731755345,
              41.728150195
            ],
            [
              -95.731587928,
              41.726841048
            ],
            [
              -95.730393169,
              41.726977151
            ],
            [
              -95.731209627,
              41.7289539
            ],
            [
              -95.731246977,
              41.72904433
            ],
            [
              -95.731140052,
              41.729135274
            ],
            [
              -95.731032775,
              41.729220233
            ],
            [
              -95.72874894,
              41.729383535
            ],
            [
              -95.727722752,
              41.729456896
            ],
            [
              -95.72727793,
              41.7297131
            ],
            [
              -95.727289734,
              41.729354372
            ],
            [
              -95.72704691,
              41.729349517
            ],
            [
              -95.727153216,
              41.725799239
            ],
            [
              -95.727155927,
              41.725708692
            ],
            [
              -95.728104213,
              41.72571948
            ],
            [
              -95.72939441,
              41.725734148
            ],
            [
              -95.72999878,
              41.725741014
            ],
            [
              -95.731800186,
              41.725761459
            ],
            [
              -95.731814203,
              41.72500897
            ],
            [
              -95.731815825,
              41.724921893
            ],
            [
              -95.732814835,
              41.724940284
            ],
            [
              -95.733438744,
              41.72365421
            ],
            [
              -95.733476986,
              41.723575377
            ],
            [
              -95.733482256,
              41.723414637
            ],
            [
              -95.733490235,
              41.723171286
            ],
            [
              -95.733497254,
              41.722957184
            ],
            [
              -95.734590796,
              41.722978647
            ],
            [
              -95.736441149,
              41.722996997
            ],
            [
              -95.736441236,
              41.722994742
            ],
            [
              -95.73647586,
              41.72208671
            ],
            [
              -95.736646107,
              41.72208841
            ],
            [
              -95.736647619,
              41.722088431
            ],
            [
              -95.736870837,
              41.722999958
            ],
            [
              -95.737084784,
              41.723873598
            ],
            [
              -95.737718959,
              41.724509268
            ],
            [
              -95.739569826,
              41.72392413
            ],
            [
              -95.741413129,
              41.723755263
            ],
            [
              -95.741395374,
              41.725786383
            ],
            [
              -95.741427119,
              41.722154932
            ],
            [
              -95.74173261,
              41.722155103
            ],
            [
              -95.742212229,
              41.725787267
            ],
            [
              -95.742682706,
              41.729345034
            ],
            [
              -95.742178852,
              41.729239882
            ],
            [
              -95.741848149,
              41.729180723
            ],
            [
              -95.741401513,
              41.729100825
            ],
            [
              -95.740752352,
              41.728984693
            ],
            [
              -95.740019672,
              41.728853616
            ],
            [
              -95.740138856,
              41.728479374
            ],
            [
              -95.739891097,
              41.728207341
            ],
            [
              -95.739326242,
              41.728145638
            ],
            [
              -95.738251503,
              41.728297083
            ],
            [
              -95.738214672,
              41.727698373
            ],
            [
              -95.737586109,
              41.72772886
            ],
            [
              -95.737477645,
              41.727688866
            ],
            [
              -95.73736937,
              41.727648942
            ],
            [
              -95.737369181,
              41.727648872
            ],
            [
              -95.736787626,
              41.727434426
            ],
            [
              -95.737587081,
              41.726340307
            ],
            [
              -95.7375896,
              41.725776592
            ],
            [
              -95.737589656,
              41.725753717
            ],
            [
              -95.736604574,
              41.725255914
            ],
            [
              -95.73640718,
              41.725156161
            ],
            [
              -95.736094988,
              41.725772714
            ]
          ]
        ]
      },
      "properties": {
        "farm": "Melby Farm",
        "location": "by the Golf Course",
        "county": "Harrison",
        "owner": "Heistand Farm 150, LLC",
        "ownerEntity": "Heistand Farm 150, LLC",
        "taxAcres": 120,
        "fsaAcres": 74.34,
        "dbAcres": 134.8,
        "parcelCount": 9,
        "parcelsInSource": 9,
        "matchExact": 8,
        "matchSpatial": 1,
        "matchMissing": 0,
        "deedHolders": [
          "Melby  Roger W"
        ],
        "matchedDeedHolder": "Melby  Roger W",
        "secTwpRng": [
          "21-80-42",
          "22-80-42"
        ],
        "confidence": "medium",
        "grade": "partial",
        "csr": 52,
        "rentPerAcre": 240.24,
        "tenant": "Matt Heistand",
        "closingDate": "",
        "salePrice": 815000
      }
    },
    {
      "type": "Feature",
      "geometry": {
        "type": "Polygon",
        "coordinates": [
          [
            [
              -95.726858887,
              41.736615145
            ],
            [
              -95.724540458,
              41.736559731
            ],
            [
              -95.725379886,
              41.735994227
            ],
            [
              -95.725378693,
              41.735587043
            ],
            [
              -95.724351584,
              41.735562485
            ],
            [
              -95.724352742,
              41.73596967
            ],
            [
              -95.723548741,
              41.736536015
            ],
            [
              -95.722709293,
              41.736515934
            ],
            [
              -95.72203322,
              41.736499754
            ],
            [
              -95.722033768,
              41.732849313
            ],
            [
              -95.724418543,
              41.732893552
            ],
            [
              -95.72605984,
              41.732923969
            ],
            [
              -95.726853567,
              41.732938671
            ],
            [
              -95.726858887,
              41.736615145
            ]
          ]
        ]
      },
      "properties": {
        "farm": "Roger Barry 20",
        "location": "West of Woodbine",
        "county": "Harrison",
        "owner": "Heistand Farm 300, LLC",
        "ownerEntity": "Heistand Farm 300 Limited Liability Co C/O Todd Heistand",
        "taxAcres": 20,
        "fsaAcres": 20,
        "dbAcres": 38,
        "parcelCount": 1,
        "parcelsInSource": 1,
        "matchExact": 0,
        "matchSpatial": 1,
        "matchMissing": 0,
        "deedHolders": [
          "Barry  Roger L"
        ],
        "matchedDeedHolder": "Barry  Roger L",
        "secTwpRng": [
          "15-80-42"
        ],
        "confidence": "low",
        "grade": "weak",
        "csr": null,
        "rentPerAcre": null,
        "tenant": "Matt Heistand",
        "closingDate": "X",
        "salePrice": 350000
      }
    },
    {
      "type": "Feature",
      "geometry": {
        "type": "Polygon",
        "coordinates": [
          [
            [
              -95.722033768,
              41.732849313
            ],
            [
              -95.724418543,
              41.732893552
            ],
            [
              -95.72605984,
              41.732923969
            ],
            [
              -95.726853567,
              41.732938671
            ],
            [
              -95.726947996,
              41.732944747
            ],
            [
              -95.728134701,
              41.732959396
            ],
            [
              -95.729831207,
              41.732978396
            ],
            [
              -95.731727526,
              41.733924763
            ],
            [
              -95.731684569,
              41.736730332
            ],
            [
              -95.731688942,
              41.737427648
            ],
            [
              -95.731690921,
              41.737743177
            ],
            [
              -95.731707183,
              41.740335975
            ],
            [
              -95.731705573,
              41.743876652
            ],
            [
              -95.731715538,
              41.747539552
            ],
            [
              -95.726876813,
              41.747459634
            ],
            [
              -95.726870106,
              41.743843113
            ],
            [
              -95.726870015,
              41.742058418
            ],
            [
              -95.726198125,
              41.740957649
            ],
            [
              -95.726098782,
              41.740229457
            ],
            [
              -95.72572458,
              41.739647751
            ],
            [
              -95.724958578,
              41.738539979
            ],
            [
              -95.723108235,
              41.737091499
            ],
            [
              -95.722709293,
              41.736515934
            ],
            [
              -95.72203322,
              41.736499754
            ],
            [
              -95.722033768,
              41.732849313
            ]
          ],
          [
            [
              -95.725378693,
              41.735587043
            ],
            [
              -95.724351584,
              41.735562485
            ],
            [
              -95.724352742,
              41.73596967
            ],
            [
              -95.723548741,
              41.736536015
            ],
            [
              -95.724540458,
              41.736559731
            ],
            [
              -95.725379886,
              41.735994227
            ],
            [
              -95.725378693,
              41.735587043
            ]
          ]
        ]
      },
      "properties": {
        "farm": "Roger Barry Farm",
        "location": "West of Woodbine",
        "county": "Harrison",
        "owner": "Heistand Farm 300, LLC",
        "ownerEntity": "Heistand Farm 300 Limited Liability Co C/O Todd Heistand",
        "taxAcres": 160.21,
        "fsaAcres": 196,
        "dbAcres": 217.8,
        "parcelCount": 7,
        "parcelsInSource": 8,
        "matchExact": 3,
        "matchSpatial": 5,
        "matchMissing": 0,
        "deedHolders": [
          "Barry  Roger L"
        ],
        "matchedDeedHolder": "Barry  Roger L",
        "secTwpRng": [
          "15-80-42"
        ],
        "confidence": "low",
        "grade": "weak",
        "csr": 57.5,
        "rentPerAcre": 265.65,
        "tenant": "Matt Heistand",
        "closingDate": "X",
        "salePrice": 785029
      }
    },
    {
      "type": "Feature",
      "geometry": {
        "type": "MultiPolygon",
        "coordinates": [
          [
            [
              [
                -95.680479541,
                41.760976105
              ],
              [
                -95.680755215,
                41.761213578
              ],
              [
                -95.680894162,
                41.76138242
              ],
              [
                -95.68084679,
                41.761505542
              ],
              [
                -95.680314785,
                41.761526778
              ],
              [
                -95.679728614,
                41.761809862
              ],
              [
                -95.681185002,
                41.761826313
              ],
              [
                -95.681777612,
                41.762751781
              ],
              [
                -95.682391836,
                41.763986347
              ],
              [
                -95.681064392,
                41.765447603
              ],
              [
                -95.678261952,
                41.768532276
              ],
              [
                -95.67779561,
                41.769045548
              ],
              [
                -95.673474005,
                41.768972756
              ],
              [
                -95.673420403,
                41.772594951
              ],
              [
                -95.673398909,
                41.773880212
              ],
              [
                -95.671503262,
                41.775956581
              ],
              [
                -95.67157893,
                41.775995292
              ],
              [
                -95.67114358,
                41.776464316
              ],
              [
                -95.671136426,
                41.776464345
              ],
              [
                -95.670900262,
                41.776465307
              ],
              [
                -95.670680022,
                41.776466202
              ],
              [
                -95.670677748,
                41.776564097
              ],
              [
                -95.670679741,
                41.776781052
              ],
              [
                -95.670588219,
                41.777066527
              ],
              [
                -95.66867971,
                41.779162832
              ],
              [
                -95.668612599,
                41.779115936
              ],
              [
                -95.668506407,
                41.779232572
              ],
              [
                -95.668493357,
                41.778381229
              ],
              [
                -95.668464132,
                41.776474426
              ],
              [
                -95.665033366,
                41.776444662
              ],
              [
                -95.668338186,
                41.772592319
              ],
              [
                -95.668608609,
                41.772594828
              ],
              [
                -95.668603334,
                41.772284837
              ],
              [
                -95.669969257,
                41.770700768
              ],
              [
                -95.671356712,
                41.769091633
              ],
              [
                -95.671464068,
                41.768967122
              ],
              [
                -95.672581214,
                41.767671408
              ],
              [
                -95.673509137,
                41.766595115
              ],
              [
                -95.673509059,
                41.766600417
              ],
              [
                -95.674535744,
                41.765374745
              ],
              [
                -95.675826451,
                41.763713698
              ],
              [
                -95.676068825,
                41.763401767
              ],
              [
                -95.677503,
                41.761785189
              ],
              [
                -95.678421463,
                41.760866966
              ],
              [
                -95.678967767,
                41.760177015
              ],
              [
                -95.67935278,
                41.76035898
              ],
              [
                -95.67980429,
                41.76058788
              ],
              [
                -95.680269885,
                41.760816516
              ],
              [
                -95.680479541,
                41.760976105
              ]
            ]
          ],
          [
            [
              [
                -95.683152696,
                41.765470831
              ],
              [
                -95.68302385,
                41.769133395
              ],
              [
                -95.67920395,
                41.769069234
              ],
              [
                -95.682443443,
                41.765462946
              ],
              [
                -95.683038679,
                41.76480026
              ],
              [
                -95.683045369,
                41.764808917
              ],
              [
                -95.683162963,
                41.765178965
              ],
              [
                -95.683152696,
                41.765470831
              ]
            ]
          ],
          [
            [
              [
                -95.672479301,
                41.776458869
              ],
              [
                -95.673371652,
                41.775510165
              ],
              [
                -95.673371588,
                41.775514015
              ],
              [
                -95.673355846,
                41.776455287
              ],
              [
                -95.673325277,
                41.780036932
              ],
              [
                -95.669157196,
                41.78004548
              ],
              [
                -95.671511956,
                41.777458992
              ],
              [
                -95.671658904,
                41.777458394
              ],
              [
                -95.672569149,
                41.776458503
              ],
              [
                -95.672479301,
                41.776458869
              ]
            ]
          ],
          [
            [
              [
                -95.664471906,
                41.78366349
              ],
              [
                -95.663976304,
                41.783665994
              ],
              [
                -95.663971506,
                41.780050694
              ],
              [
                -95.666701371,
                41.780048279
              ],
              [
                -95.667764603,
                41.780047321
              ],
              [
                -95.664554749,
                41.783572516
              ],
              [
                -95.664471906,
                41.78366349
              ]
            ]
          ],
          [
            [
              [
                -95.666163578,
                41.78365493
              ],
              [
                -95.666172871,
                41.783564339
              ],
              [
                -95.666200756,
                41.783292493
              ],
              [
                -95.668529437,
                41.78073497
              ],
              [
                -95.668574012,
                41.783642689
              ],
              [
                -95.666163578,
                41.78365493
              ]
            ]
          ]
        ]
      },
      "properties": {
        "farm": "Sandpit-Barry Farm",
        "location": "sandpits along Hwy 30 between Woodbine and Dunlap",
        "county": "Harrison",
        "owner": "Heistand Farm 200, LLC",
        "ownerEntity": "Heistand Farm 200, LLC 1515 Cuming Street, LLC",
        "taxAcres": 206,
        "fsaAcres": 196,
        "dbAcres": 265.9,
        "parcelCount": 13,
        "parcelsInSource": 13,
        "matchExact": 11,
        "matchSpatial": 2,
        "matchMissing": 0,
        "deedHolders": [
          "Cushing Family Trust Et Al",
          "Heistand Farm 200  LLC"
        ],
        "matchedDeedHolder": "Cushing Family Trust Et Al, Heistand Farm 200  LLC",
        "secTwpRng": [
          "31-81-41",
          "6-80-41",
          "1-80-42",
          "12-80-42"
        ],
        "confidence": "low",
        "grade": "weak",
        "csr": 86.7,
        "rentPerAcre": 400.55,
        "tenant": "Matt Heistand",
        "closingDate": "",
        "salePrice": null
      }
    },
    {
      "type": "Feature",
      "geometry": {
        "type": "Polygon",
        "coordinates": [
          [
            [
              -95.765590489,
              41.693053945
            ],
            [
              -95.765463237,
              41.696677737
            ],
            [
              -95.765448828,
              41.700249151
            ],
            [
              -95.764172768,
              41.700240654
            ],
            [
              -95.763749751,
              41.699431028
            ],
            [
              -95.763606848,
              41.699265796
            ],
            [
              -95.762631715,
              41.698927494
            ],
            [
              -95.762037032,
              41.698537506
            ],
            [
              -95.761094279,
              41.698581959
            ],
            [
              -95.760913237,
              41.698449637
            ],
            [
              -95.760733331,
              41.698477086
            ],
            [
              -95.760705772,
              41.698481293
            ],
            [
              -95.760307414,
              41.698763503
            ],
            [
              -95.760150916,
              41.69877491
            ],
            [
              -95.759890319,
              41.698348747
            ],
            [
              -95.759899906,
              41.696936125
            ],
            [
              -95.758562719,
              41.696919226
            ],
            [
              -95.758473693,
              41.696818124
            ],
            [
              -95.757602093,
              41.697174998
            ],
            [
              -95.755944043,
              41.69718617
            ],
            [
              -95.755950011,
              41.69670827
            ],
            [
              -95.755914257,
              41.693098175
            ],
            [
              -95.755932074,
              41.689485776
            ],
            [
              -95.760825851,
              41.689481779
            ],
            [
              -95.765651683,
              41.689446166
            ],
            [
              -95.765590489,
              41.693053945
            ]
          ]
        ]
      },
      "properties": {
        "farm": "Schultz Farm",
        "location": "south of woodbine",
        "county": "Harrison",
        "owner": "Heistand Farm 150, LLC",
        "ownerEntity": "Heistand Farm 150, LLC",
        "taxAcres": 194.04,
        "fsaAcres": 166.44,
        "dbAcres": 193.9,
        "parcelCount": 6,
        "parcelsInSource": 6,
        "matchExact": 6,
        "matchSpatial": 0,
        "matchMissing": 0,
        "deedHolders": [
          "Schulz Revocable Trust  Alan E"
        ],
        "matchedDeedHolder": "Schulz Revocable Trust  Alan E",
        "secTwpRng": [
          "32-80-42"
        ],
        "confidence": "high",
        "grade": "full",
        "csr": 67,
        "rentPerAcre": 309.54,
        "tenant": "Matt Heistand",
        "closingDate": "X",
        "salePrice": 1775000
      }
    },
    {
      "type": "Feature",
      "geometry": {
        "type": "Polygon",
        "coordinates": [
          [
            [
              -95.699702619,
              41.801738437
            ],
            [
              -95.69967922,
              41.80535745
            ],
            [
              -95.697288132,
              41.805355626
            ],
            [
              -95.696719266,
              41.805355185
            ],
            [
              -95.696724875,
              41.804653474
            ],
            [
              -95.693610432,
              41.804651081
            ],
            [
              -95.693595277,
              41.805352712
            ],
            [
              -95.692505958,
              41.80535183
            ],
            [
              -95.692583875,
              41.801750044
            ],
            [
              -95.692585367,
              41.798150714
            ],
            [
              -95.692886344,
              41.798149403
            ],
            [
              -95.697345801,
              41.798129899
            ],
            [
              -95.699726016,
              41.798119419
            ],
            [
              -95.699702619,
              41.801738437
            ]
          ]
        ]
      },
      "properties": {
        "farm": "Walnut Tree Farm",
        "location": "Heistand Family farm by the pond",
        "county": "Harrison",
        "owner": "Irrevocable Trust",
        "ownerEntity": "Heistand Irrevocable Trst, Todd R. & Mary J.",
        "taxAcres": 114.7,
        "fsaAcres": 104.6,
        "dbAcres": 112.5,
        "parcelCount": 4,
        "parcelsInSource": 4,
        "matchExact": 4,
        "matchSpatial": 0,
        "matchMissing": 0,
        "deedHolders": [
          "Heistand Irrevocable Trst  Todd R & Mary J"
        ],
        "matchedDeedHolder": "Heistand Irrevocable Trst  Todd R & Mary J",
        "secTwpRng": [
          "26-81-42"
        ],
        "confidence": "high",
        "grade": "full",
        "csr": 55.3,
        "rentPerAcre": null,
        "tenant": "Kids Irrevocable Trust",
        "closingDate": "",
        "salePrice": null
      }
    },
    {
      "type": "Feature",
      "geometry": {
        "type": "Polygon",
        "coordinates": [
          [
            [
              -95.634941733,
              41.780049094
            ],
            [
              -95.634931074,
              41.783670918
            ],
            [
              -95.634897168,
              41.787305276
            ],
            [
              -95.639164403,
              41.787321702
            ],
            [
              -95.639751292,
              41.787323948
            ],
            [
              -95.639721369,
              41.790950559
            ],
            [
              -95.634863259,
              41.790939629
            ],
            [
              -95.629962091,
              41.790922609
            ],
            [
              -95.625060926,
              41.790905384
            ],
            [
              -95.625060616,
              41.787276227
            ],
            [
              -95.625113649,
              41.783638462
            ],
            [
              -95.626603451,
              41.783643442
            ],
            [
              -95.626576971,
              41.782326354
            ],
            [
              -95.625134513,
              41.782321044
            ],
            [
              -95.625171053,
              41.780013705
            ],
            [
              -95.625228451,
              41.776388943
            ],
            [
              -95.63009042,
              41.776408205
            ],
            [
              -95.630081292,
              41.780054179
            ],
            [
              -95.634941733,
              41.780049094
            ]
          ]
        ]
      },
      "properties": {
        "farm": "Wright Farm",
        "location": "Harrison County North Part Tract 2 combines bases with Tract 1",
        "county": "Harrison",
        "owner": "Heistand Farm 150, LLC",
        "ownerEntity": "Heistand Farm 150, LLC",
        "taxAcres": 286.25,
        "fsaAcres": 281.54,
        "dbAcres": 320,
        "parcelCount": 8,
        "parcelsInSource": 8,
        "matchExact": 7,
        "matchSpatial": 1,
        "matchMissing": 0,
        "deedHolders": [
          "Sunny Slope Farming  LLC"
        ],
        "matchedDeedHolder": "Sunny Slope Farming  LLC",
        "secTwpRng": [
          "33-81-41",
          "32-81-41"
        ],
        "confidence": "medium",
        "grade": "partial",
        "csr": 76.6,
        "rentPerAcre": 353.89,
        "tenant": "Matt Heistand",
        "closingDate": "X",
        "salePrice": 4179250
      }
    },
    {
      "type": "Feature",
      "geometry": {
        "type": "MultiPolygon",
        "coordinates": [
          [
            [
              [
                -95.708006461,
                41.287314547
              ],
              [
                -95.708486762,
                41.287317924
              ],
              [
                -95.70860684,
                41.287318309
              ],
              [
                -95.708589073,
                41.289686996
              ],
              [
                -95.708589068,
                41.289687856
              ],
              [
                -95.708588537,
                41.289758687
              ],
              [
                -95.708585581,
                41.289856903
              ],
              [
                -95.708586702,
                41.289947528
              ],
              [
                -95.708544492,
                41.293430248
              ],
              [
                -95.708499731,
                41.297123138
              ],
              [
                -95.703719048,
                41.297086348
              ],
              [
                -95.703719048,
                41.297086349
              ],
              [
                -95.698938373,
                41.297049363
              ],
              [
                -95.698977744,
                41.293417664
              ],
              [
                -95.699005329,
                41.290872796
              ],
              [
                -95.69901711,
                41.289785963
              ],
              [
                -95.699617503,
                41.289790438
              ],
              [
                -95.703804561,
                41.289821557
              ],
              [
                -95.703804561,
                41.289821556
              ],
              [
                -95.703826318,
                41.286198148
              ],
              [
                -95.708014623,
                41.286227694
              ],
              [
                -95.708006461,
                41.287314547
              ]
            ]
          ],
          [
            [
              [
                -95.713357408,
                41.293400475
              ],
              [
                -95.708544492,
                41.293430248
              ],
              [
                -95.708580855,
                41.290429978
              ],
              [
                -95.709340514,
                41.290418184
              ],
              [
                -95.709346356,
                41.289935736
              ],
              [
                -95.713390044,
                41.289872876
              ],
              [
                -95.713373599,
                41.291650399
              ],
              [
                -95.713357408,
                41.293400475
              ]
            ]
          ]
        ]
      },
      "properties": {
        "farm": "25000 Hackberry",
        "location": "4 miles West of CB Churchman",
        "county": "Pottawattamie",
        "owner": "Heistand Farm 343, LLC",
        "ownerEntity": "HEISTAND FARM 343 LLC",
        "taxAcres": 238.16,
        "fsaAcres": 218.92,
        "dbAcres": 236,
        "parcelCount": 7,
        "parcelsInSource": 7,
        "matchExact": 4,
        "matchSpatial": 3,
        "matchMissing": 0,
        "deedHolders": [
          "CHURCHMAN  MICHAEL A-JOHN P",
          "CHURCHMAN  JOHN P-MICHAEL A"
        ],
        "matchedDeedHolder": "CHURCHMAN  MICHAEL A-JOHN P, CHURCHMAN  JOHN P-MICHAEL A",
        "secTwpRng": [
          "Sec 17, T75N, R42W",
          "Sec 18, T75N, R42W",
          "Sec 20, T75N, R42W"
        ],
        "confidence": "high",
        "grade": "full",
        "csr": 63.9,
        "rentPerAcre": 295.22,
        "tenant": "Dave Carlson",
        "closingDate": "x",
        "salePrice": 2094000
      }
    },
    {
      "type": "Feature",
      "geometry": {
        "type": "Polygon",
        "coordinates": [
          [
            [
              -95.755703939,
              41.28251157
            ],
            [
              -95.755672735,
              41.286243257
            ],
            [
              -95.75089474,
              41.286139137
            ],
            [
              -95.750943375,
              41.282477032
            ],
            [
              -95.750943593,
              41.282469818
            ],
            [
              -95.755703939,
              41.28251157
            ]
          ]
        ]
      },
      "properties": {
        "farm": "Grell 100",
        "location": "2 mile west of CB, by Westfair",
        "county": "Pottawattamie",
        "owner": "Heistand Farm 343, LLC",
        "ownerEntity": "HEISTAND FARM 343 LLC",
        "taxAcres": 98.21,
        "fsaAcres": 84.22,
        "dbAcres": 40.6,
        "parcelCount": 1,
        "parcelsInSource": 1,
        "matchExact": 0,
        "matchSpatial": 1,
        "matchMissing": 0,
        "deedHolders": [
          "GRELL  ARTHUR G TRUST"
        ],
        "matchedDeedHolder": "GRELL  ARTHUR G TRUST",
        "secTwpRng": [
          "Sec 23, T75N, R43W"
        ],
        "confidence": "low",
        "grade": "weak",
        "csr": 61.6,
        "rentPerAcre": 284.59,
        "tenant": "Dave Carlson",
        "closingDate": "x",
        "salePrice": 1250000
      }
    },
    {
      "type": "Feature",
      "geometry": {
        "type": "Polygon",
        "coordinates": [
          [
            [
              -95.375518187,
              41.160079971
            ],
            [
              -95.375518074,
              41.160155755
            ],
            [
              -95.375517988,
              41.160212453
            ],
            [
              -95.375512859,
              41.163630726
            ],
            [
              -95.375518934,
              41.167250802
            ],
            [
              -95.370768398,
              41.167247344
            ],
            [
              -95.370775618,
              41.17070424
            ],
            [
              -95.368378691,
              41.170703698
            ],
            [
              -95.368378623,
              41.170867866
            ],
            [
              -95.365944962,
              41.170866742
            ],
            [
              -95.361291233,
              41.170857592
            ],
            [
              -95.361312299,
              41.167423634
            ],
            [
              -95.361313411,
              41.167242485
            ],
            [
              -95.361313581,
              41.165395316
            ],
            [
              -95.361313745,
              41.163615305
            ],
            [
              -95.361314059,
              41.160208866
            ],
            [
              -95.361314064,
              41.160155735
            ],
            [
              -95.361314071,
              41.160079834
            ],
            [
              -95.365933845,
              41.16008798
            ],
            [
              -95.370762437,
              41.160094758
            ],
            [
              -95.375518187,
              41.160079971
            ]
          ]
        ]
      },
      "properties": {
        "farm": "Macedonia Farm",
        "location": "Maccedonia, IA",
        "county": "Pottawattamie",
        "owner": "Heistand Farm 343, LLC",
        "ownerEntity": "HEISTAND FARM 343 LLC",
        "taxAcres": 311.1,
        "fsaAcres": 229.62,
        "dbAcres": 312.2,
        "parcelCount": 8,
        "parcelsInSource": 8,
        "matchExact": 8,
        "matchSpatial": 0,
        "matchMissing": 0,
        "deedHolders": [
          "TIMBER LANE LLC",
          "GREEN  ROBERT K",
          "GREEN  ROBERT KEVAN"
        ],
        "matchedDeedHolder": "TIMBER LANE LLC, GREEN  ROBERT K, GREEN  ROBERT KEVAN",
        "secTwpRng": [
          "Sec 31, T74N, R39W",
          "Sec 32, T74N, R39W"
        ],
        "confidence": "high",
        "grade": "full",
        "csr": 76.18,
        "rentPerAcre": 285,
        "tenant": "Brad Forristall",
        "closingDate": "X",
        "salePrice": 2633828
      }
    },
    {
      "type": "Feature",
      "geometry": {
        "type": "MultiPolygon",
        "coordinates": [
          [
            [
              [
                -95.922519509,
                41.321798635
              ],
              [
                -95.922654303,
                41.321829955
              ],
              [
                -95.922812433,
                41.321866696
              ],
              [
                -95.92291948,
                41.321891569
              ],
              [
                -95.923054938,
                41.321923043
              ],
              [
                -95.923147337,
                41.321944511
              ],
              [
                -95.923250338,
                41.321968442
              ],
              [
                -95.923329898,
                41.321986928
              ],
              [
                -95.923442513,
                41.322013094
              ],
              [
                -95.923541363,
                41.322029739
              ],
              [
                -95.923693982,
                41.322055438
              ],
              [
                -95.92385803,
                41.322083061
              ],
              [
                -95.92399093,
                41.32210544
              ],
              [
                -95.924082497,
                41.322120858
              ],
              [
                -95.924088615,
                41.322121658
              ],
              [
                -95.924201699,
                41.322136455
              ],
              [
                -95.924412083,
                41.322163985
              ],
              [
                -95.92442698,
                41.322165934
              ],
              [
                -95.924621759,
                41.32219142
              ],
              [
                -95.924750032,
                41.322208204
              ],
              [
                -95.924892201,
                41.322226806
              ],
              [
                -95.924969328,
                41.322236898
              ],
              [
                -95.924994208,
                41.322241035
              ],
              [
                -95.925098752,
                41.322258418
              ],
              [
                -95.925208151,
                41.322318071
              ],
              [
                -95.925269457,
                41.322429913
              ],
              [
                -95.925195392,
                41.322552681
              ],
              [
                -95.925191737,
                41.322647033
              ],
              [
                -95.925226892,
                41.322691218
              ],
              [
                -95.925259188,
                41.32273181
              ],
              [
                -95.925277327,
                41.322743505
              ],
              [
                -95.925284655,
                41.32274823
              ],
              [
                -95.925320331,
                41.322771232
              ],
              [
                -95.925336056,
                41.322781371
              ],
              [
                -95.925357498,
                41.322784034
              ],
              [
                -95.925447333,
                41.322795194
              ],
              [
                -95.925540458,
                41.322801316
              ],
              [
                -95.925640029,
                41.322788448
              ],
              [
                -95.925685631,
                41.322668971
              ],
              [
                -95.925716868,
                41.322644073
              ],
              [
                -95.925774858,
                41.322473157
              ],
              [
                -95.92581928,
                41.322418351
              ],
              [
                -95.925847742,
                41.322415059
              ],
              [
                -95.925866191,
                41.322430833
              ],
              [
                -95.925829906,
                41.322512403
              ],
              [
                -95.925827498,
                41.322517266
              ],
              [
                -95.925780036,
                41.322613115
              ],
              [
                -95.925831714,
                41.322657819
              ],
              [
                -95.925936357,
                41.322697836
              ],
              [
                -95.92608542,
                41.322754839
              ],
              [
                -95.926123092,
                41.32277913
              ],
              [
                -95.9261569,
                41.322800927
              ],
              [
                -95.926162288,
                41.322804401
              ],
              [
                -95.926164593,
                41.322805842
              ],
              [
                -95.926187956,
                41.322820448
              ],
              [
                -95.92625666,
                41.322863402
              ],
              [
                -95.926341516,
                41.322916455
              ],
              [
                -95.926426144,
                41.322973427
              ],
              [
                -95.926539393,
                41.323049666
              ],
              [
                -95.926636691,
                41.323080329
              ],
              [
                -95.926720487,
                41.323106738
              ],
              [
                -95.926835844,
                41.323143091
              ],
              [
                -95.926969289,
                41.323199893
              ],
              [
                -95.927069954,
                41.323242742
              ],
              [
                -95.927191614,
                41.323294527
              ],
              [
                -95.927205566,
                41.323299105
              ],
              [
                -95.927307359,
                41.323332496
              ],
              [
                -95.927352486,
                41.323360207
              ],
              [
                -95.92741339,
                41.323397605
              ],
              [
                -95.927537173,
                41.323459645
              ],
              [
                -95.92765991,
                41.323497834
              ],
              [
                -95.927805191,
                41.323543035
              ],
              [
                -95.927837198,
                41.323552994
              ],
              [
                -95.927863585,
                41.323568838
              ],
              [
                -95.92792933,
                41.323608312
              ],
              [
                -95.928023572,
                41.323664895
              ],
              [
                -95.928099278,
                41.323682589
              ],
              [
                -95.928103328,
                41.323683536
              ],
              [
                -95.928286122,
                41.323726259
              ],
              [
                -95.928331808,
                41.323736936
              ],
              [
                -95.928340751,
                41.323739026
              ],
              [
                -95.92837019,
                41.323745474
              ],
              [
                -95.928542828,
                41.32378329
              ],
              [
                -95.92873341,
                41.323825035
              ],
              [
                -95.928798474,
                41.323845213
              ],
              [
                -95.928815428,
                41.323820615
              ],
              [
                -95.928915497,
                41.323821202
              ],
              [
                -95.929020533,
                41.323859393
              ],
              [
                -95.92903284,
                41.323902232
              ],
              [
                -95.929031363,
                41.323958828
              ],
              [
                -95.929120563,
                41.324148194
              ],
              [
                -95.929123854,
                41.324237013
              ],
              [
                -95.929068523,
                41.324286662
              ],
              [
                -95.92899911,
                41.324341995
              ],
              [
                -95.929003136,
                41.324347361
              ],
              [
                -95.929032939,
                41.324387075
              ],
              [
                -95.929134805,
                41.324436108
              ],
              [
                -95.929320563,
                41.324434889
              ],
              [
                -95.929331558,
                41.324421671
              ],
              [
                -95.929375296,
                41.324369091
              ],
              [
                -95.92940691,
                41.324257988
              ],
              [
                -95.929483163,
                41.32419443
              ],
              [
                -95.929501614,
                41.324210202
              ],
              [
                -95.929491173,
                41.324270076
              ],
              [
                -95.929489827,
                41.324277791
              ],
              [
                -95.929507073,
                41.32430883
              ],
              [
                -95.929554913,
                41.324394938
              ],
              [
                -95.929612325,
                41.324452755
              ],
              [
                -95.929688533,
                41.324529496
              ],
              [
                -95.929875611,
                41.324660235
              ],
              [
                -95.929990426,
                41.324710409
              ],
              [
                -95.930054768,
                41.324738584
              ],
              [
                -95.930123579,
                41.324768717
              ],
              [
                -95.930128084,
                41.324771235
              ],
              [
                -95.930251218,
                41.324840061
              ],
              [
                -95.93025143,
                41.324840179
              ],
              [
                -95.930326919,
                41.324882375
              ],
              [
                -95.930381153,
                41.324906067
              ],
              [
                -95.930448676,
                41.324935563
              ],
              [
                -95.930505278,
                41.32496029
              ],
              [
                -95.930559088,
                41.324983797
              ],
              [
                -95.930635554,
                41.3250172
              ],
              [
                -95.930679511,
                41.325036403
              ],
              [
                -95.930730186,
                41.32505854
              ],
              [
                -95.930787196,
                41.325083445
              ],
              [
                -95.930868092,
                41.325118784
              ],
              [
                -95.930957752,
                41.325127667
              ],
              [
                -95.931165205,
                41.325187369
              ],
              [
                -95.931315315,
                41.325230569
              ],
              [
                -95.931561586,
                41.32537879
              ],
              [
                -95.931561303,
                41.325448358
              ],
              [
                -95.931561063,
                41.325507333
              ],
              [
                -95.931547308,
                41.328888876
              ],
              [
                -95.929573201,
                41.327331165
              ],
              [
                -95.92953886,
                41.327304804
              ],
              [
                -95.929528445,
                41.327297082
              ],
              [
                -95.929504419,
                41.327279754
              ],
              [
                -95.929494155,
                41.327272537
              ],
              [
                -95.929493839,
                41.327272319
              ],
              [
                -95.929493548,
                41.327272116
              ],
              [
                -95.929482109,
                41.32726422
              ],
              [
                -95.929457199,
                41.327247489
              ],
              [
                -95.929446361,
                41.327240396
              ],
              [
                -95.929409241,
                41.32721697
              ],
              [
                -95.929397407,
                41.327209767
              ],
              [
                -95.929371246,
                41.327194282
              ],
              [
                -95.929359764,
                41.327187664
              ],
              [
                -95.929359593,
                41.327187565
              ],
              [
                -95.929347042,
                41.327180469
              ],
              [
                -95.929320669,
                41.327165959
              ],
              [
                -95.929308381,
                41.327159386
              ],
              [
                -95.929227653,
                41.327119011
              ],
              [
                -95.929215374,
                41.327113273
              ],
              [
                -95.929173911,
                41.327094656
              ],
              [
                -95.929160575,
                41.327088908
              ],
              [
                -95.929131608,
                41.327076812
              ],
              [
                -95.929118745,
                41.327071604
              ],
              [
                -95.929075586,
                41.327054876
              ],
              [
                -95.929062046,
                41.327049853
              ],
              [
                -95.929032032,
                41.327039101
              ],
              [
                -95.929018869,
                41.32703454
              ],
              [
                -95.927305024,
                41.326451578
              ],
              [
                -95.927192672,
                41.326417768
              ],
              [
                -95.926518585,
                41.326214902
              ],
              [
                -95.926456857,
                41.326196386
              ],
              [
                -95.926329147,
                41.326158438
              ],
              [
                -95.926277469,
                41.326143222
              ],
              [
                -95.926271363,
                41.326141427
              ],
              [
                -95.926082737,
                41.326086604
              ],
              [
                -95.926023317,
                41.326069553
              ],
              [
                -95.925836752,
                41.326016699
              ],
              [
                -95.925774462,
                41.325999285
              ],
              [
                -95.925396882,
                41.325896149
              ],
              [
                -95.925337076,
                41.325880195
              ],
              [
                -95.925206504,
                41.325845725
              ],
              [
                -95.925148909,
                41.325830671
              ],
              [
                -95.924750009,
                41.325729055
              ],
              [
                -95.922486428,
                41.325165295
              ],
              [
                -95.922389609,
                41.325148564
              ],
              [
                -95.917590586,
                41.324319166
              ],
              [
                -95.916956733,
                41.324216914
              ],
              [
                -95.916641887,
                41.32416883
              ],
              [
                -95.916325723,
                41.324125945
              ],
              [
                -95.916008392,
                41.324088278
              ],
              [
                -95.915690042,
                41.324055849
              ],
              [
                -95.912789655,
                41.323785481
              ],
              [
                -95.907901169,
                41.323431101
              ],
              [
                -95.907898674,
                41.32334231
              ],
              [
                -95.907829349,
                41.321644379
              ],
              [
                -95.907828637,
                41.321626951
              ],
              [
                -95.907828075,
                41.321613174
              ],
              [
                -95.907862565,
                41.321599736
              ],
              [
                -95.907904286,
                41.321583482
              ],
              [
                -95.907937836,
                41.321570411
              ],
              [
                -95.907978078,
                41.321575378
              ],
              [
                -95.908021708,
                41.321580764
              ],
              [
                -95.908055431,
                41.321584927
              ],
              [
                -95.908147845,
                41.321588089
              ],
              [
                -95.908181554,
                41.321587386
              ],
              [
                -95.908207687,
                41.32158684
              ],
              [
                -95.908251319,
                41.321585929
              ],
              [
                -95.908316116,
                41.321572697
              ],
              [
                -95.908317431,
                41.321547213
              ],
              [
                -95.908286631,
                41.321505429
              ],
              [
                -95.908294258,
                41.321467934
              ],
              [
                -95.90832519,
                41.321452014
              ],
              [
                -95.908370365,
                41.321456162
              ],
              [
                -95.908400854,
                41.321489468
              ],
              [
                -95.908440715,
                41.321532759
              ],
              [
                -95.908483286,
                41.32155238
              ],
              [
                -95.908486514,
                41.321553866
              ],
              [
                -95.908548977,
                41.321553225
              ],
              [
                -95.908646286,
                41.321552226
              ],
              [
                -95.9087454,
                41.321539284
              ],
              [
                -95.908872392,
                41.3215227
              ],
              [
                -95.908971146,
                41.321509804
              ],
              [
                -95.909229941,
                41.321460361
              ],
              [
                -95.909229994,
                41.321460353
              ],
              [
                -95.909231326,
                41.321460088
              ],
              [
                -95.909306806,
                41.321438967
              ],
              [
                -95.909375303,
                41.321419902
              ],
              [
                -95.90951129,
                41.321355486
              ],
              [
                -95.909511535,
                41.32135537
              ],
              [
                -95.909511642,
                41.321355319
              ],
              [
                -95.909511742,
                41.321355272
              ],
              [
                -95.909511777,
                41.321355256
              ],
              [
                -95.909649683,
                41.321290283
              ],
              [
                -95.909728227,
                41.321283552
              ],
              [
                -95.909776648,
                41.321314785
              ],
              [
                -95.90977377,
                41.321358969
              ],
              [
                -95.909760896,
                41.321376209
              ],
              [
                -95.909686915,
                41.321384543
              ],
              [
                -95.909662483,
                41.321393539
              ],
              [
                -95.909702992,
                41.321406198
              ],
              [
                -95.909749021,
                41.321420581
              ],
              [
                -95.90982344,
                41.321424118
              ],
              [
                -95.909861033,
                41.321433791
              ],
              [
                -95.909898992,
                41.321443558
              ],
              [
                -95.909939345,
                41.321453942
              ],
              [
                -95.909996961,
                41.321456803
              ],
              [
                -95.910011514,
                41.321457525
              ],
              [
                -95.910021853,
                41.321455425
              ],
              [
                -95.910067376,
                41.321446176
              ],
              [
                -95.910109367,
                41.321424933
              ],
              [
                -95.910110417,
                41.321421099
              ],
              [
                -95.910110913,
                41.321419279
              ],
              [
                -95.910117305,
                41.321395916
              ],
              [
                -95.910062837,
                41.321310385
              ],
              [
                -95.910011721,
                41.321218231
              ],
              [
                -95.910011161,
                41.321202969
              ],
              [
                -95.910044778,
                41.321198873
              ],
              [
                -95.910076519,
                41.321204998
              ],
              [
                -95.910148529,
                41.321296637
              ],
              [
                -95.910159177,
                41.321310188
              ],
              [
                -95.9101991,
                41.321355174
              ],
              [
                -95.910335065,
                41.321379487
              ],
              [
                -95.910346594,
                41.321379663
              ],
              [
                -95.910408976,
                41.321380615
              ],
              [
                -95.910474709,
                41.321381619
              ],
              [
                -95.910543006,
                41.321382662
              ],
              [
                -95.910616617,
                41.321383785
              ],
              [
                -95.910744368,
                41.321364604
              ],
              [
                -95.910817341,
                41.321353647
              ],
              [
                -95.91082301,
                41.321352797
              ],
              [
                -95.9109286,
                41.321336942
              ],
              [
                -95.91111722,
                41.321308369
              ],
              [
                -95.911187786,
                41.321296576
              ],
              [
                -95.911243741,
                41.321287224
              ],
              [
                -95.911309536,
                41.321276228
              ],
              [
                -95.911370973,
                41.321265961
              ],
              [
                -95.911473845,
                41.321248769
              ],
              [
                -95.911545686,
                41.321227497
              ],
              [
                -95.911637598,
                41.321200282
              ],
              [
                -95.911707494,
                41.321179584
              ],
              [
                -95.911785166,
                41.321156587
              ],
              [
                -95.911868723,
                41.321131845
              ],
              [
                -95.911942797,
                41.321109912
              ],
              [
                -95.912029654,
                41.321086052
              ],
              [
                -95.912117566,
                41.321062207
              ],
              [
                -95.912231723,
                41.321018385
              ],
              [
                -95.912337326,
                41.320977847
              ],
              [
                -95.912383986,
                41.320986885
              ],
              [
                -95.912475789,
                41.321008894
              ],
              [
                -95.912566139,
                41.321017187
              ],
              [
                -95.912590883,
                41.32101667
              ],
              [
                -95.912567638,
                41.321057886
              ],
              [
                -95.912519836,
                41.321104707
              ],
              [
                -95.912524082,
                41.321158926
              ],
              [
                -95.912511144,
                41.321235564
              ],
              [
                -95.912525116,
                41.321251836
              ],
              [
                -95.912544072,
                41.321273909
              ],
              [
                -95.912601119,
                41.321294778
              ],
              [
                -95.912700093,
                41.321292708
              ],
              [
                -95.912750787,
                41.321273659
              ],
              [
                -95.912766225,
                41.321267858
              ],
              [
                -95.912800674,
                41.321254913
              ],
              [
                -95.912824438,
                41.321245983
              ],
              [
                -95.912856869,
                41.321209665
              ],
              [
                -95.912853341,
                41.321195721
              ],
              [
                -95.912841063,
                41.321147204
              ],
              [
                -95.912831158,
                41.321133647
              ],
              [
                -95.91281261,
                41.321108258
              ],
              [
                -95.912804283,
                41.32109686
              ],
              [
                -95.912777729,
                41.321060515
              ],
              [
                -95.912777702,
                41.32106048
              ],
              [
                -95.912720164,
                41.320981721
              ],
              [
                -95.912713419,
                41.320920766
              ],
              [
                -95.912735475,
                41.320908425
              ],
              [
                -95.912795771,
                41.32095638
              ],
              [
                -95.912842316,
                41.321058929
              ],
              [
                -95.912880742,
                41.321124312
              ],
              [
                -95.912933165,
                41.321141883
              ],
              [
                -95.913015578,
                41.321159927
              ],
              [
                -95.913053445,
                41.321168218
              ],
              [
                -95.913165811,
                41.321169445
              ],
              [
                -95.913373239,
                41.32117171
              ],
              [
                -95.913385317,
                41.321170955
              ],
              [
                -95.913445726,
                41.321167178
              ],
              [
                -95.913516763,
                41.321162736
              ],
              [
                -95.913578343,
                41.321158887
              ],
              [
                -95.913647351,
                41.321154573
              ],
              [
                -95.913724485,
                41.321149751
              ],
              [
                -95.913862864,
                41.321141099
              ],
              [
                -95.913915759,
                41.321133399
              ],
              [
                -95.913991236,
                41.321122412
              ],
              [
                -95.914078818,
                41.321109661
              ],
              [
                -95.914203216,
                41.32109155
              ],
              [
                -95.914263531,
                41.321079701
              ],
              [
                -95.914348134,
                41.32106308
              ],
              [
                -95.914433657,
                41.321046279
              ],
              [
                -95.914531098,
                41.321027136
              ],
              [
                -95.914647976,
                41.321004174
              ],
              [
                -95.914864466,
                41.320942635
              ],
              [
                -95.914952216,
                41.320917104
              ],
              [
                -95.915017025,
                41.320898248
              ],
              [
                -95.915231575,
                41.320835824
              ],
              [
                -95.915278502,
                41.320826356
              ],
              [
                -95.915292247,
                41.320832856
              ],
              [
                -95.915329362,
                41.320862627
              ],
              [
                -95.91541659,
                41.320908319
              ],
              [
                -95.915466702,
                41.320924241
              ],
              [
                -95.91546989,
                41.320949631
              ],
              [
                -95.915423025,
                41.321021889
              ],
              [
                -95.915396845,
                41.3210445
              ],
              [
                -95.915397657,
                41.321066545
              ],
              [
                -95.91545708,
                41.321090758
              ],
              [
                -95.915502019,
                41.321091095
              ],
              [
                -95.915530263,
                41.321091307
              ],
              [
                -95.915576423,
                41.321091653
              ],
              [
                -95.915657027,
                41.321079782
              ],
              [
                -95.915674322,
                41.321053115
              ],
              [
                -95.915675184,
                41.321051784
              ],
              [
                -95.915680459,
                41.321043652
              ],
              [
                -95.915659652,
                41.320967718
              ],
              [
                -95.915610915,
                41.320866914
              ],
              [
                -95.915607228,
                41.320827958
              ],
              [
                -95.915615225,
                41.320800637
              ],
              [
                -95.915637594,
                41.320796774
              ],
              [
                -95.915671961,
                41.320813026
              ],
              [
                -95.915731195,
                41.320954341
              ],
              [
                -95.91578956,
                41.320978471
              ],
              [
                -95.91582554,
                41.320993346
              ],
              [
                -95.91588118,
                41.32101635
              ],
              [
                -95.915946078,
                41.32104318
              ],
              [
                -95.915995753,
                41.321047232
              ],
              [
                -95.916087916,
                41.321043604
              ],
              [
                -95.91615796,
                41.321050622
              ],
              [
                -95.916246438,
                41.321069134
              ],
              [
                -95.916255729,
                41.321103952
              ],
              [
                -95.916259498,
                41.321118076
              ],
              [
                -95.916287179,
                41.321136164
              ],
              [
                -95.916459295,
                41.32115762
              ],
              [
                -95.916596247,
                41.321174423
              ],
              [
                -95.91668001,
                41.321181144
              ],
              [
                -95.916778368,
                41.321189036
              ],
              [
                -95.91682504,
                41.32119278
              ],
              [
                -95.916831405,
                41.321192879
              ],
              [
                -95.916951405,
                41.321194754
              ],
              [
                -95.917052523,
                41.321196333
              ],
              [
                -95.917153655,
                41.321195378
              ],
              [
                -95.917221314,
                41.321194659
              ],
              [
                -95.917604067,
                41.321169925
              ],
              [
                -95.917752074,
                41.321154146
              ],
              [
                -95.917900828,
                41.321138288
              ],
              [
                -95.917991703,
                41.3211286
              ],
              [
                -95.918001683,
                41.321127536
              ],
              [
                -95.918084821,
                41.321118673
              ],
              [
                -95.918182282,
                41.321091176
              ],
              [
                -95.918446325,
                41.321016682
              ],
              [
                -95.918580152,
                41.32096667
              ],
              [
                -95.918649529,
                41.321008487
              ],
              [
                -95.918693128,
                41.321058713
              ],
              [
                -95.918803059,
                41.321068209
              ],
              [
                -95.918840138,
                41.321083167
              ],
              [
                -95.918753528,
                41.321140057
              ],
              [
                -95.918754979,
                41.321179364
              ],
              [
                -95.918881132,
                41.321204256
              ],
              [
                -95.918932403,
                41.321179578
              ],
              [
                -95.918907486,
                41.321069953
              ],
              [
                -95.918909799,
                41.320991228
              ],
              [
                -95.918929931,
                41.320971137
              ],
              [
                -95.918967444,
                41.320997887
              ],
              [
                -95.918994814,
                41.321136762
              ],
              [
                -95.919007858,
                41.3211812
              ],
              [
                -95.919015247,
                41.321206365
              ],
              [
                -95.919077182,
                41.321238737
              ],
              [
                -95.919121998,
                41.321245449
              ],
              [
                -95.919176133,
                41.321253555
              ],
              [
                -95.91925862,
                41.321265908
              ],
              [
                -95.919359189,
                41.321293557
              ],
              [
                -95.919391182,
                41.321302354
              ],
              [
                -95.919467978,
                41.321323469
              ],
              [
                -95.919511528,
                41.321332266
              ],
              [
                -95.919590658,
                41.321348251
              ],
              [
                -95.919649883,
                41.321360216
              ],
              [
                -95.919739764,
                41.321378373
              ],
              [
                -95.91984963,
                41.321389099
              ],
              [
                -95.919983512,
                41.32140217
              ],
              [
                -95.920154358,
                41.321418849
              ],
              [
                -95.920232655,
                41.321426493
              ],
              [
                -95.920284823,
                41.321431585
              ],
              [
                -95.920384791,
                41.321432722
              ],
              [
                -95.920437934,
                41.321433326
              ],
              [
                -95.920504123,
                41.32143408
              ],
              [
                -95.920576144,
                41.3214349
              ],
              [
                -95.920636253,
                41.321430143
              ],
              [
                -95.920688031,
                41.321426045
              ],
              [
                -95.920711862,
                41.321424158
              ],
              [
                -95.920761399,
                41.321420237
              ],
              [
                -95.920885416,
                41.32144053
              ],
              [
                -95.921061873,
                41.321432511
              ],
              [
                -95.921126842,
                41.321425973
              ],
              [
                -95.921145281,
                41.321424117
              ],
              [
                -95.921194237,
                41.32141919
              ],
              [
                -95.921231546,
                41.321415435
              ],
              [
                -95.921538961,
                41.321383714
              ],
              [
                -95.921570199,
                41.321358817
              ],
              [
                -95.921674674,
                41.321333728
              ],
              [
                -95.921741098,
                41.32135999
              ],
              [
                -95.921812875,
                41.321390114
              ],
              [
                -95.921843374,
                41.321402913
              ],
              [
                -95.921868962,
                41.321418537
              ],
              [
                -95.921760469,
                41.32143159
              ],
              [
                -95.921726551,
                41.321432301
              ],
              [
                -95.92171971,
                41.321440527
              ],
              [
                -95.921797562,
                41.321468521
              ],
              [
                -95.921842141,
                41.321466238
              ],
              [
                -95.921897926,
                41.321477188
              ],
              [
                -95.92190363,
                41.321486496
              ],
              [
                -95.921867336,
                41.321519581
              ],
              [
                -95.921774365,
                41.321565976
              ],
              [
                -95.921749872,
                41.321579959
              ],
              [
                -95.921744669,
                41.321632592
              ],
              [
                -95.921745464,
                41.321654125
              ],
              [
                -95.921787268,
                41.321673449
              ],
              [
                -95.921885008,
                41.321707761
              ],
              [
                -95.921937322,
                41.321721477
              ],
              [
                -95.92197828,
                41.321717923
              ],
              [
                -95.922013237,
                41.321696987
              ],
              [
                -95.922032277,
                41.321680426
              ],
              [
                -95.922006341,
                41.321655381
              ],
              [
                -95.922004401,
                41.321602897
              ],
              [
                -95.922016399,
                41.321589178
              ],
              [
                -95.922003651,
                41.321534227
              ],
              [
                -95.922020061,
                41.321494826
              ],
              [
                -95.92201653,
                41.321399277
              ],
              [
                -95.922038941,
                41.321377259
              ],
              [
                -95.922074743,
                41.3213792
              ],
              [
                -95.922092251,
                41.321417889
              ],
              [
                -95.922093207,
                41.321533638
              ],
              [
                -95.922094308,
                41.321667003
              ],
              [
                -95.922108924,
                41.321671218
              ],
              [
                -95.922129616,
                41.321677186
              ],
              [
                -95.92216672,
                41.321687885
              ],
              [
                -95.922216196,
                41.321702153
              ],
              [
                -95.922379343,
                41.321766066
              ],
              [
                -95.922403818,
                41.321771753
              ],
              [
                -95.922403743,
                41.32178948
              ],
              [
                -95.922403818,
                41.321771754
              ],
              [
                -95.922519509,
                41.321798635
              ]
            ]
          ],
          [
            [
              [
                -95.928903462,
                41.327296914
              ],
              [
                -95.928915422,
                41.327301361
              ],
              [
                -95.928941087,
                41.327311265
              ],
              [
                -95.928953319,
                41.327316155
              ],
              [
                -95.928990348,
                41.327331688
              ],
              [
                -95.929001975,
                41.327336791
              ],
              [
                -95.929026571,
                41.327347958
              ],
              [
                -95.92903815,
                41.327353389
              ],
              [
                -95.929038504,
                41.327353558
              ],
              [
                -95.929049264,
                41.32735872
              ],
              [
                -95.929073848,
                41.327370892
              ],
              [
                -95.929085025,
                41.32737661
              ],
              [
                -95.929119891,
                41.327395213
              ],
              [
                -95.929130266,
                41.327400984
              ],
              [
                -95.929153567,
                41.327414341
              ],
              [
                -95.929164194,
                41.327420625
              ],
              [
                -95.929197276,
                41.327440994
              ],
              [
                -95.929207124,
                41.327447306
              ],
              [
                -95.929229123,
                41.327461827
              ],
              [
                -95.929239237,
                41.327468706
              ],
              [
                -95.929239559,
                41.327468926
              ],
              [
                -95.929239714,
                41.327469032
              ],
              [
                -95.929248911,
                41.327475417
              ],
              [
                -95.929270293,
                41.327490688
              ],
              [
                -95.929279703,
                41.327497616
              ],
              [
                -95.929309922,
                41.327520748
              ],
              [
                -95.931377616,
                41.329152309
              ],
              [
                -95.931545976,
                41.329215903
              ],
              [
                -95.931543922,
                41.329720941
              ],
              [
                -95.931530427,
                41.333037625
              ],
              [
                -95.927165187,
                41.333064517
              ],
              [
                -95.927223742,
                41.336685202
              ],
              [
                -95.927282305,
                41.340305884
              ],
              [
                -95.92733018,
                41.34326546
              ],
              [
                -95.926570104,
                41.343270317
              ],
              [
                -95.926579363,
                41.343843098
              ],
              [
                -95.922505072,
                41.343869702
              ],
              [
                -95.922497054,
                41.343360255
              ],
              [
                -95.922449484,
                41.340337418
              ],
              [
                -95.922402825,
                41.336715687
              ],
              [
                -95.917577423,
                41.336745788
              ],
              [
                -95.91755289,
                41.333123097
              ],
              [
                -95.91755354,
                41.333123092
              ],
              [
                -95.917554267,
                41.333123087
              ],
              [
                -95.917747621,
                41.333121918
              ],
              [
                -95.917764959,
                41.333121814
              ],
              [
                -95.91789379,
                41.333121034
              ],
              [
                -95.917894553,
                41.33312103
              ],
              [
                -95.917897768,
                41.333121011
              ],
              [
                -95.917921362,
                41.333120868
              ],
              [
                -95.917921469,
                41.333120867
              ],
              [
                -95.917922065,
                41.333120864
              ],
              [
                -95.919573439,
                41.333110861
              ],
              [
                -95.919578251,
                41.333110832
              ],
              [
                -95.919805703,
                41.333109453
              ],
              [
                -95.919839589,
                41.333109247
              ],
              [
                -95.919873785,
                41.33310904
              ],
              [
                -95.919909687,
                41.333108822
              ],
              [
                -95.919941354,
                41.33310863
              ],
              [
                -95.919978961,
                41.333108401
              ],
              [
                -95.920005173,
                41.333108242
              ],
              [
                -95.920035733,
                41.333108057
              ],
              [
                -95.920063365,
                41.333107889
              ],
              [
                -95.920089479,
                41.33310773
              ],
              [
                -95.920108729,
                41.333107614
              ],
              [
                -95.920136205,
                41.333107447
              ],
              [
                -95.920167858,
                41.333107256
              ],
              [
                -95.920187644,
                41.333107135
              ],
              [
                -95.920187784,
                41.333107134
              ],
              [
                -95.920187925,
                41.333107133
              ],
              [
                -95.92034289,
                41.333106193
              ],
              [
                -95.92082432,
                41.333103268
              ],
              [
                -95.920943601,
                41.333102544
              ],
              [
                -95.921033862,
                41.333101996
              ],
              [
                -95.921034385,
                41.333101993
              ],
              [
                -95.922355049,
                41.333093958
              ],
              [
                -95.922355297,
                41.333093957
              ],
              [
                -95.922355805,
                41.333093954
              ],
              [
                -95.922355914,
                41.333093953
              ],
              [
                -95.922356058,
                41.333093952
              ],
              [
                -95.922356171,
                41.333093953
              ],
              [
                -95.922370225,
                41.329754982
              ],
              [
                -95.922385532,
                41.32611743
              ],
              [
                -95.922388425,
                41.325429937
              ],
              [
                -95.924025347,
                41.32583763
              ],
              [
                -95.924635795,
                41.325989661
              ],
              [
                -95.924693171,
                41.326004002
              ],
              [
                -95.924824867,
                41.326037267
              ],
              [
                -95.9248878,
                41.326053338
              ],
              [
                -95.924945757,
                41.326068246
              ],
              [
                -95.925076318,
                41.32610218
              ],
              [
                -95.925139064,
                41.326118662
              ],
              [
                -95.925196726,
                41.326133916
              ],
              [
                -95.925205055,
                41.326136129
              ],
              [
                -95.925327012,
                41.326168735
              ],
              [
                -95.925389567,
                41.326185627
              ],
              [
                -95.925576932,
                41.326236927
              ],
              [
                -95.925639288,
                41.326254227
              ],
              [
                -95.925695766,
                41.326270005
              ],
              [
                -95.925826055,
                41.326306752
              ],
              [
                -95.925888212,
                41.32632446
              ],
              [
                -95.925945502,
                41.326340893
              ],
              [
                -95.926074368,
                41.326378205
              ],
              [
                -95.926136317,
                41.326396319
              ],
              [
                -95.926192584,
                41.32641288
              ],
              [
                -95.926321844,
                41.326451281
              ],
              [
                -95.926383586,
                41.326469799
              ],
              [
                -95.927170027,
                41.326706476
              ],
              [
                -95.927191448,
                41.326713766
              ],
              [
                -95.928865292,
                41.327283406
              ],
              [
                -95.928876933,
                41.327287419
              ],
              [
                -95.928903462,
                41.327296914
              ]
            ]
          ]
        ]
      },
      "properties": {
        "farm": "Mary's Mushroom Crescent Farm",
        "location": "Crescent, IA",
        "county": "Pottawattamie",
        "owner": "Heistand Farm 343, LLC",
        "ownerEntity": "HEISTAND FARM 343 LLC",
        "taxAcres": 466.46,
        "fsaAcres": 413.47,
        "dbAcres": 452.7,
        "parcelCount": 11,
        "parcelsInSource": 11,
        "matchExact": 11,
        "matchSpatial": 0,
        "matchMissing": 0,
        "deedHolders": [
          "SCHULTZ FARMS INC"
        ],
        "matchedDeedHolder": "SCHULTZ FARMS INC",
        "secTwpRng": [
          "Sec 4, T75N, R44W",
          "Sec 5, T75N, R44W",
          "Sec 32, T76N, R44W"
        ],
        "confidence": "high",
        "grade": "full",
        "csr": 65.7,
        "rentPerAcre": null,
        "tenant": "Tom Rief and Don Rief",
        "closingDate": "",
        "salePrice": 2315530
      }
    },
    {
      "type": "Feature",
      "geometry": {
        "type": "Polygon",
        "coordinates": [
          [
            [
              -95.485196178,
              41.390413135
            ],
            [
              -95.489993058,
              41.390382694
            ],
            [
              -95.489994528,
              41.393906528
            ],
            [
              -95.489996036,
              41.397520934
            ],
            [
              -95.485179166,
              41.397571509
            ],
            [
              -95.485187779,
              41.393947035
            ],
            [
              -95.485196178,
              41.390413135
            ]
          ]
        ]
      },
      "properties": {
        "farm": "Grobe",
        "location": "Pot County Mahogany Road",
        "county": "Pottawattamie",
        "owner": "Heistand Farm 343, LLC",
        "ownerEntity": "HEISTAND FARM 343 LLC",
        "taxAcres": 78.6,
        "fsaAcres": 74.74,
        "dbAcres": 78.9,
        "parcelCount": 2,
        "parcelsInSource": 2,
        "matchExact": 2,
        "matchSpatial": 0,
        "matchMissing": 0,
        "deedHolders": [
          "D D R S J LLC"
        ],
        "matchedDeedHolder": "D D R S J LLC",
        "secTwpRng": [
          "Sec 7, T76N, R40W"
        ],
        "confidence": "high",
        "grade": "full",
        "csr": 75.3,
        "rentPerAcre": 347.886,
        "tenant": "Nick Grobe",
        "closingDate": "",
        "salePrice": 844188.3
      }
    },
    {
      "type": "Feature",
      "geometry": {
        "type": "Polygon",
        "coordinates": [
          [
            [
              -95.389034281,
              41.296298134
            ],
            [
              -95.389034296,
              41.296281693
            ],
            [
              -95.393854202,
              41.296256554
            ],
            [
              -95.398569227,
              41.296269975
            ],
            [
              -95.398589634,
              41.299879886
            ],
            [
              -95.396693336,
              41.299867168
            ],
            [
              -95.393875681,
              41.299848216
            ],
            [
              -95.391442471,
              41.29986176
            ],
            [
              -95.389030919,
              41.29987513
            ],
            [
              -95.389034281,
              41.296298134
            ]
          ]
        ]
      },
      "properties": {
        "farm": "Oakland 80 Farm",
        "location": "613 Clark Road -Oakland Farm",
        "county": "Pottawattamie",
        "owner": "Heistand Farm 343, LLC",
        "ownerEntity": "HEISTAND FARM 343 LLC",
        "taxAcres": 78.25,
        "fsaAcres": 72.57,
        "dbAcres": 78.9,
        "parcelCount": 2,
        "parcelsInSource": 2,
        "matchExact": 2,
        "matchSpatial": 0,
        "matchMissing": 0,
        "deedHolders": [
          "CHILSON  DARRELL F-ALTA TRUST",
          "CHILSON  DARRELL F TRUSTEE CHILSON  ALTA TRUSTEE"
        ],
        "matchedDeedHolder": "CHILSON  DARRELL F-ALTA TRUST, CHILSON  DARRELL F TRUSTEE CHILSON  ALTA TRUSTEE",
        "secTwpRng": [
          "Sec 13, T75N, R40W"
        ],
        "confidence": "high",
        "grade": "full",
        "csr": 74.1,
        "rentPerAcre": 342.342,
        "tenant": "Dan Easton",
        "closingDate": "",
        "salePrice": 782500
      }
    },
    {
      "type": "Feature",
      "geometry": {
        "type": "MultiPolygon",
        "coordinates": [
          [
            [
              [
                -95.407112837,
                41.860729142
              ],
              [
                -95.411942328,
                41.860644874
              ],
              [
                -95.411889607,
                41.863431617
              ],
              [
                -95.411871882,
                41.863431766
              ],
              [
                -95.411880462,
                41.86695952
              ],
              [
                -95.409471492,
                41.866978889
              ],
              [
                -95.407036314,
                41.866998417
              ],
              [
                -95.407032657,
                41.870442603
              ],
              [
                -95.402297623,
                41.870478353
              ],
              [
                -95.402313312,
                41.867036141
              ],
              [
                -95.402329373,
                41.863512079
              ],
              [
                -95.402218981,
                41.863513005
              ],
              [
                -95.402283218,
                41.860813211
              ],
              [
                -95.402369381,
                41.857191483
              ],
              [
                -95.407190118,
                41.857107308
              ],
              [
                -95.407112837,
                41.860729142
              ]
            ]
          ],
          [
            [
              [
                -95.402014194,
                41.876022169
              ],
              [
                -95.399620585,
                41.876025705
              ],
              [
                -95.399608167,
                41.877680413
              ],
              [
                -95.397308363,
                41.877683762
              ],
              [
                -95.392493652,
                41.877690621
              ],
              [
                -95.392493652,
                41.877690543
              ],
              [
                -95.392505906,
                41.874263139
              ],
              [
                -95.392509189,
                41.87334473
              ],
              [
                -95.392518586,
                41.870716009
              ],
              [
                -95.397347325,
                41.870643021
              ],
              [
                -95.402054885,
                41.870571667
              ],
              [
                -95.402028023,
                41.874169733
              ],
              [
                -95.402014194,
                41.876022169
              ]
            ]
          ],
          [
            [
              [
                -95.40701785,
                41.884997848
              ],
              [
                -95.402346192,
                41.885032283
              ],
              [
                -95.402294835,
                41.881398886
              ],
              [
                -95.402244766,
                41.877856193
              ],
              [
                -95.406954999,
                41.877793423
              ],
              [
                -95.406986027,
                41.881350356
              ],
              [
                -95.40701785,
                41.884997848
              ]
            ]
          ]
        ]
      },
      "properties": {
        "farm": "Behrendt Farm",
        "location": "North of Earling",
        "county": "Shelby",
        "owner": "Heistand Farm 316, LLC",
        "ownerEntity": "HEISTAND FARM 316 LLC",
        "taxAcres": 481.88,
        "fsaAcres": 463.97,
        "dbAcres": 434.8,
        "parcelCount": 12,
        "parcelsInSource": 13,
        "matchExact": 12,
        "matchSpatial": 0,
        "matchMissing": 1,
        "deedHolders": [
          "BEHRENDT  JACOB W REV TR & BEHRENDT FAM TR 1/2 EA",
          "BEHRENDT FAMILY TRUST 1/2",
          "BEHRENDT JACOB W REVOCABLE TRUST 1/2"
        ],
        "matchedDeedHolder": "BEHRENDT  JACOB W REV TR & BEHRENDT FAM TR 1/2 EA, BEHRENDT FAMILY TRUST 1/2, BEHRENDT JACOB W REVOCABLE TRUST 1/2",
        "secTwpRng": [
          "5-81-39",
          "29-82-39",
          "32-82-39",
          "33-82-39"
        ],
        "confidence": "medium",
        "grade": "partial",
        "csr": 69.3,
        "rentPerAcre": 320.17,
        "tenant": "Jeremy Muff and Chad Muff",
        "closingDate": "X",
        "salePrice": 5790512
      }
    },
    {
      "type": "Feature",
      "geometry": {
        "type": "Polygon",
        "coordinates": [
          [
            [
              -95.074552502,
              41.504948174
            ],
            [
              -95.079258836,
              41.504969525
            ],
            [
              -95.079258934,
              41.504986089
            ],
            [
              -95.079259024,
              41.505001262
            ],
            [
              -95.079280167,
              41.50858752
            ],
            [
              -95.079289344,
              41.510215522
            ],
            [
              -95.079268436,
              41.512205394
            ],
            [
              -95.079267844,
              41.512252312
            ],
            [
              -95.079274864,
              41.514778739
            ],
            [
              -95.079265475,
              41.515823273
            ],
            [
              -95.074548529,
              41.515811767
            ],
            [
              -95.074544564,
              41.519339279
            ],
            [
              -95.069714743,
              41.519327428
            ],
            [
              -95.069716086,
              41.515799781
            ],
            [
              -95.069717455,
              41.512178008
            ],
            [
              -95.06972157,
              41.508552033
            ],
            [
              -95.069725682,
              41.504926052
            ],
            [
              -95.074552502,
              41.504948174
            ]
          ]
        ]
      },
      "properties": {
        "farm": "Wheatley",
        "location": "Shelby County 5 miles S of Elkhorn",
        "county": "Shelby",
        "owner": "Heistand Farm 316, LLC",
        "ownerEntity": "HEISTAND FARM 316 LLC",
        "taxAcres": 316.29,
        "fsaAcres": 298,
        "dbAcres": 276.8,
        "parcelCount": 7,
        "parcelsInSource": 8,
        "matchExact": 7,
        "matchSpatial": 0,
        "matchMissing": 1,
        "deedHolders": [
          "WHEATLEY  LESTER W"
        ],
        "matchedDeedHolder": "WHEATLEY  LESTER W",
        "secTwpRng": [
          "35-78-37"
        ],
        "confidence": "medium",
        "grade": "partial",
        "csr": 66,
        "rentPerAcre": 304.92,
        "tenant": "Alan Jensen",
        "closingDate": "x",
        "salePrice": 2656836
      }
    },
    {
      "type": "Feature",
      "geometry": {
        "type": "Polygon",
        "coordinates": [
          [
            [
              -95.441817043,
              41.633700836
            ],
            [
              -95.441791365,
              41.632289268
            ],
            [
              -95.441792206,
              41.631446305
            ],
            [
              -95.446498358,
              41.63143398
            ],
            [
              -95.451325497,
              41.631421256
            ],
            [
              -95.456128742,
              41.631393885
            ],
            [
              -95.456134263,
              41.635019264
            ],
            [
              -95.456139784,
              41.638644638
            ],
            [
              -95.451312085,
              41.638651553
            ],
            [
              -95.45072144,
              41.638653502
            ],
            [
              -95.446486528,
              41.638666557
            ],
            [
              -95.442943095,
              41.638677409
            ],
            [
              -95.442944879,
              41.638333374
            ],
            [
              -95.441783638,
              41.638336906
            ],
            [
              -95.441797147,
              41.636960857
            ],
            [
              -95.443593577,
              41.636954663
            ],
            [
              -95.443604783,
              41.635884078
            ],
            [
              -95.441808888,
              41.635889754
            ],
            [
              -95.441813085,
              41.63506352
            ],
            [
              -95.441817043,
              41.633700836
            ]
          ]
        ]
      },
      "properties": {
        "farm": "Free Land-Buman",
        "location": "2 miles east Porthsmouth 1/2mi S 44",
        "county": "Shelby",
        "owner": "Heistand Farm 316, LLC",
        "ownerEntity": "HEISTAND FARM 316 LLC",
        "taxAcres": 235.32,
        "fsaAcres": 228.99,
        "dbAcres": 231.8,
        "parcelCount": 6,
        "parcelsInSource": 6,
        "matchExact": 6,
        "matchSpatial": 0,
        "matchMissing": 0,
        "deedHolders": [
          "FREE LAND & CATTLE CO"
        ],
        "matchedDeedHolder": "FREE LAND & CATTLE CO",
        "secTwpRng": [
          "24-79-40"
        ],
        "confidence": "high",
        "grade": "full",
        "csr": 72,
        "rentPerAcre": 332.64,
        "tenant": "Jeff Buman",
        "closingDate": "",
        "salePrice": 2384000
      }
    },
    {
      "type": "Feature",
      "geometry": {
        "type": "Polygon",
        "coordinates": [
          [
            [
              -95.433895513,
              41.830932938
            ],
            [
              -95.433950106,
              41.834491819
            ],
            [
              -95.432782048,
              41.83453149
            ],
            [
              -95.43150601,
              41.834570126
            ],
            [
              -95.430137553,
              41.834607289
            ],
            [
              -95.428328162,
              41.834653381
            ],
            [
              -95.427648742,
              41.834676189
            ],
            [
              -95.427632592,
              41.83456838
            ],
            [
              -95.427657242,
              41.83433333
            ],
            [
              -95.427705327,
              41.834184973
            ],
            [
              -95.427735256,
              41.833928352
            ],
            [
              -95.427802685,
              41.833762145
            ],
            [
              -95.427881415,
              41.833624336
            ],
            [
              -95.427778874,
              41.83352273
            ],
            [
              -95.427592201,
              41.833518135
            ],
            [
              -95.427466332,
              41.833404585
            ],
            [
              -95.427317077,
              41.833307612
            ],
            [
              -95.427244775,
              41.833214695
            ],
            [
              -95.427104892,
              41.832885268
            ],
            [
              -95.4270927,
              41.832654561
            ],
            [
              -95.427029035,
              41.832574308
            ],
            [
              -95.427028138,
              41.832435135
            ],
            [
              -95.426958436,
              41.832287671
            ],
            [
              -95.426784944,
              41.832125203
            ],
            [
              -95.426732022,
              41.832019448
            ],
            [
              -95.426657027,
              41.831771704
            ],
            [
              -95.426656121,
              41.831493879
            ],
            [
              -95.426702424,
              41.831268237
            ],
            [
              -95.426706932,
              41.831137335
            ],
            [
              -95.426654986,
              41.831139074
            ],
            [
              -95.426654651,
              41.831088188
            ],
            [
              -95.426589068,
              41.831017201
            ],
            [
              -95.426400241,
              41.83065359
            ],
            [
              -95.426403854,
              41.830296163
            ],
            [
              -95.42638536,
              41.8301245
            ],
            [
              -95.426339509,
              41.830030172
            ],
            [
              -95.426109342,
              41.829863998
            ],
            [
              -95.425939115,
              41.829676732
            ],
            [
              -95.425961739,
              41.829388417
            ],
            [
              -95.425926206,
              41.829233356
            ],
            [
              -95.425346714,
              41.828095806
            ],
            [
              -95.425302743,
              41.827890291
            ],
            [
              -95.425299989,
              41.827519052
            ],
            [
              -95.421809568,
              41.82760868
            ],
            [
              -95.421806288,
              41.827330986
            ],
            [
              -95.421997956,
              41.826832769
            ],
            [
              -95.421969193,
              41.826048319
            ],
            [
              -95.421905135,
              41.825497574
            ],
            [
              -95.421910239,
              41.825419413
            ],
            [
              -95.423307104,
              41.825318722
            ],
            [
              -95.423272325,
              41.824641383
            ],
            [
              -95.426619918,
              41.82456323
            ],
            [
              -95.431483755,
              41.824440641
            ],
            [
              -95.433894721,
              41.824373996
            ],
            [
              -95.433877717,
              41.827266789
            ],
            [
              -95.433895513,
              41.830932938
            ]
          ]
        ]
      },
      "properties": {
        "farm": "Century Gross Farm",
        "location": "",
        "county": "Shelby",
        "owner": "HEISTAND 316 FARMS LLC",
        "ownerEntity": "HEISTAND 316 FARMS LLC",
        "taxAcres": 198.99,
        "fsaAcres": 190.51,
        "dbAcres": 198.3,
        "parcelCount": 8,
        "parcelsInSource": 8,
        "matchExact": 8,
        "matchSpatial": 0,
        "matchMissing": 0,
        "deedHolders": [
          "HEISTAND  MARY J REV TR"
        ],
        "matchedDeedHolder": "HEISTAND  MARY J REV TR",
        "secTwpRng": [
          "18-81-39"
        ],
        "confidence": "high",
        "grade": "full",
        "csr": 65.8,
        "rentPerAcre": 304,
        "tenant": "Jeremy Muff and Chad Muff",
        "closingDate": "X",
        "salePrice": 1223764
      }
    },
    {
      "type": "Feature",
      "geometry": {
        "type": "Polygon",
        "coordinates": [
          [
            [
              -95.809159355,
              41.048695368
            ],
            [
              -95.813410535,
              41.04869745
            ],
            [
              -95.813406192,
              41.048914459
            ],
            [
              -95.818027336,
              41.048913956
            ],
            [
              -95.81814699,
              41.04891394
            ],
            [
              -95.818086175,
              41.052519241
            ],
            [
              -95.818084588,
              41.05255168
            ],
            [
              -95.818021746,
              41.056178568
            ],
            [
              -95.817958898,
              41.059805454
            ],
            [
              -95.816731058,
              41.059810338
            ],
            [
              -95.81427174,
              41.056175868
            ],
            [
              -95.813259926,
              41.056175118
            ],
            [
              -95.813296903,
              41.054351662
            ],
            [
              -95.810717145,
              41.054349468
            ],
            [
              -95.810532204,
              41.054349308
            ],
            [
              -95.810029211,
              41.052524291
            ],
            [
              -95.810214128,
              41.052524382
            ],
            [
              -95.809843697,
              41.0525242
            ],
            [
              -95.809595583,
              41.051623525
            ],
            [
              -95.809343047,
              41.050706774
            ],
            [
              -95.809318124,
              41.050616299
            ],
            [
              -95.809293176,
              41.05052573
            ],
            [
              -95.809198143,
              41.050180728
            ],
            [
              -95.808788943,
              41.048695179
            ],
            [
              -95.809159355,
              41.048695368
            ]
          ]
        ]
      },
      "properties": {
        "farm": "Glennwood Exit Farm",
        "location": "Glennwood Exit off of I-29",
        "county": "Mills",
        "owner": "Heistand Farm 343, LLC",
        "ownerEntity": "Heistand Farm 343 LLC",
        "taxAcres": 182.18,
        "fsaAcres": 177.68,
        "dbAcres": 149.1,
        "parcelCount": 5,
        "parcelsInSource": 7,
        "matchExact": 5,
        "matchSpatial": 0,
        "matchMissing": 2,
        "deedHolders": [
          "Rosenquist  James M Et Al Trustees"
        ],
        "matchedDeedHolder": "Rosenquist  James M Et Al Trustees",
        "secTwpRng": [
          "Sec 22 (best-fit), T72N R43W"
        ],
        "confidence": "low",
        "grade": "weak",
        "csr": 90,
        "rentPerAcre": 415.8,
        "tenant": "Rodney Mendall",
        "closingDate": "",
        "salePrice": 2606232
      }
    },
    {
      "type": "Feature",
      "geometry": {
        "type": "Polygon",
        "coordinates": [
          [
            [
              -94.860290835,
              41.753390443
            ],
            [
              -94.860338893,
              41.756995167
            ],
            [
              -94.86009581,
              41.756993952
            ],
            [
              -94.860143828,
              41.760598837
            ],
            [
              -94.854930401,
              41.76057564
            ],
            [
              -94.850092412,
              41.760553859
            ],
            [
              -94.845159692,
              41.760538297
            ],
            [
              -94.840442639,
              41.76052322
            ],
            [
              -94.840321701,
              41.760522832
            ],
            [
              -94.84033298,
              41.759345052
            ],
            [
              -94.840356173,
              41.756920622
            ],
            [
              -94.840477101,
              41.756920901
            ],
            [
              -94.845193958,
              41.756931995
            ],
            [
              -94.850094685,
              41.756943341
            ],
            [
              -94.850096994,
              41.753332819
            ],
            [
              -94.854934418,
              41.753360283
            ],
            [
              -94.860290835,
              41.753390443
            ]
          ]
        ]
      },
      "properties": {
        "farm": "Audubon 270 (Fitzgerald 270)",
        "location": "Audubon Fitzgerald 270",
        "county": "Audubon",
        "owner": "Heistand Farm 316, LLC",
        "ownerEntity": "Heistand Farm 316 LLC",
        "taxAcres": 273.26,
        "fsaAcres": 270.54,
        "dbAcres": 247,
        "parcelCount": 6,
        "parcelsInSource": 7,
        "matchExact": 6,
        "matchSpatial": 0,
        "matchMissing": 1,
        "deedHolders": [
          "CHASE  ELINOR J REV TRUST ETAL"
        ],
        "matchedDeedHolder": "CHASE  ELINOR J REV TRUST ETAL",
        "secTwpRng": [
          "Sec 7, T80N R34W (Melville Twp, District 15)",
          "Sec 7, T80N R34W (Melville Twp)"
        ],
        "confidence": "medium",
        "grade": "partial",
        "csr": 63.58,
        "rentPerAcre": 293.7396,
        "tenant": "Steve Johnson",
        "closingDate": "",
        "salePrice": 2554594.5
      }
    },
    {
      "type": "Feature",
      "geometry": {
        "type": "Polygon",
        "coordinates": [
          [
            [
              -95.270308775,
              41.0560945
            ],
            [
              -95.275106086,
              41.056117511
            ],
            [
              -95.275107427,
              41.057928681
            ],
            [
              -95.275108769,
              41.059739851
            ],
            [
              -95.275120983,
              41.063362866
            ],
            [
              -95.270437743,
              41.06332891
            ],
            [
              -95.270318077,
              41.06332804
            ],
            [
              -95.27029672,
              41.059705042
            ],
            [
              -95.270308775,
              41.0560945
            ]
          ]
        ]
      },
      "properties": {
        "farm": "Red Oak 128 Farm",
        "location": "Red Oak, IA",
        "county": "Montgomery",
        "owner": "Heistand Farm 343, LLC",
        "ownerEntity": "Heistand Farm 343 LLC (per client data; buyer not publicly disclosed)",
        "taxAcres": 128.75,
        "fsaAcres": 79.3,
        "dbAcres": 80.3,
        "parcelCount": 2,
        "parcelsInSource": 6,
        "matchExact": 2,
        "matchSpatial": 0,
        "matchMissing": 4,
        "deedHolders": [],
        "matchedDeedHolder": "",
        "secTwpRng": [
          "Sec 1, T72N R39W",
          "Sec 12, T72N R39W"
        ],
        "confidence": "low",
        "grade": "weak",
        "csr": 76.46,
        "rentPerAcre": 353.2452,
        "tenant": "Brandon Vorthmann",
        "closingDate": "",
        "salePrice": 850656
      }
    }
  ]
}